ano,numero,publicacao,assunto,classificacao,situacao,validade,servidores,link,alteracao
2018,CPV.0001,01/09/2018,Trata da designação dos fiscais do Contrato 01.712/2018 do IFSP-Câmpus Capivari (Auto de Vistoria do Corpo de Bombeiros),F,"Revogada pela Portaria nº CPV.0008/2019, de 29 de janeiro de 2019",,,https://drive.ifsp.edu.br/s/fjezRZiswXxaq0E,
2018,CPV.0002,01/25/2018,"Trata da designação de substituto à função de Coordenador de Manutenção, Almoxarifado e Patrimônio",S,extinta,31/01 a 02/02/2018,,https://drive.ifsp.edu.br/s/fkGuVyPvQfGhrRo,
2018,CPV.0003,01/29/2018,Subcomissão Permanente de Acompanhamento da Jornada de Trabalho dos Servidores Técnico-Administrativos,M,Será revogada a partir de 07 de janeiro de 2019,9/23/2019,,https://drive.ifsp.edu.br/s/CkyqO9DgBbvikns,
2018,CPV.0004,02/01/2018,Comissão Verificadora de Aproveitamento de Estudos do Curso de Processos Químicos,C,Alterada pela Portaria nº CPV.0093/2021,,,https://drive.ifsp.edu.br/s/OLl1q5T2l1PlVKa,
2018,CPV.0005,02/01/2018,CAAD - Linguagens,M,"Alterada pela Portaria nº CPV.0017/2018, de 08 de fevereiro de 2018",4/19/2018,,https://drive.ifsp.edu.br/s/blffgakGbwGCQ3G,
2018,CPV.0006,02/01/2018,Colegiado do Curso Superior de Tecnologia em Análise e Desenvolvimento de Sistemas,M,"Alterada pela Portaria nº CPV.0031/2018, de 08 de março de 2018. Revogada pela Portaria nº CPV.0141/2018, de 03 de setembro de 2018.",Representantes docentes e dos pedagogos e técnicos em assuntos educacionais inicia-se em 28/07/2016 e encerra-se em 27/07/2018. Representantes discentes inicia-se em 11/08/2017 e encerra-se em 10/08/2018,,https://drive.ifsp.edu.br/s/0dKwVKLfyakb5CQ,
2018,CPV.0007,02/02/2018,Trata da designação de substituto à função de Coordenador de Tecnologia da Informação,S,extinta,15 a 23/02/2018,,https://drive.ifsp.edu.br/s/j9YVmBCyhZTByJz,
2018,CPV.0008,02/05/2018,Comissão Verificadora de Aproveitamento de Estudos do Curso de Análise e Desenvolvimento de Sistemas,C,Alterada pela Portaria n° CPV.0064/2019,,,https://drive.ifsp.edu.br/s/RNurefh5Lf8PfwU,
2018,CPV.0009,02/07/2018,Comissão Organizadora da III Jornada de Estudos em Computação,C,extinta,15 e 16 de maio de 2018,,https://drive.ifsp.edu.br/s/t9QC5Jq7zCMfE00,
2018,CPV.0010,02/07/2018,Revogação de Portaria,R,extinta,,,https://drive.ifsp.edu.br/s/tCpn1uLPy9NmGcB,
2018,CPV.0011,02/08/2018,Revogação de Portaria,R,extinta,,,https://drive.ifsp.edu.br/s/Seyeu4TcrM5EV9W,
2018,CPV.0012,02/08/2018,Comissão de Acompanhamento da Chamada Pública para Aplicação dos Recursos do Programa Nacional de Alimentação Escolar-PNAE,C,"Revogada pela Portaria nº CPV.0091/2018, de 06 de junho de 2018",,,https://drive.ifsp.edu.br/s/KvsuLcPbynGNYmK,
2018,CPV.0013,02/08/2018,CAAD - Informática,M,extinta,5/18/2018,,https://drive.ifsp.edu.br/s/iViqNcCFQn4ZylC,
2018,CPV.0014,02/08/2018,CAAD - Gestão,M,extinta,5/18/2018,,https://drive.ifsp.edu.br/s/kMpvqnXODRyBVmA,
2018,CPV.0015,02/08/2018,CAAD de Química e Educação,M,extinta,5/18/2018,,https://drive.ifsp.edu.br/s/IGcfJXBqejnEfp4,
2018,CPV.0016,02/08/2018,CAAD - Ciências da Natureza,M,extinta,5/18/2018,,https://drive.ifsp.edu.br/s/omkc3LkCLKdYCuG,
2018,CPV.0017,02/08/2018,CAAD - Linguagens,M,extinta,5/18/2018,,https://drive.ifsp.edu.br/s/foeAhjgxbpInXKr,Altera CPV. 0005/2018
2018,CPV.0018,02/15/2018,Trata da designação dos fiscais do Contrato 02.712/2018 do IFSP-Câmpus Capivari (Limpeza),F,"Alterada pela Portaria nº CPV.0150/2018, de 21 de setembro de 2018",,,https://drive.ifsp.edu.br/s/zc1tVrR0dEjLuYn,
2018,CPV.0019,02/16/2018,"Trata da designação dos membros da Comissão para Classificar Projetos de Ensino propostos ao Edital nº CPV.006/2018, de 15 de fevereiro de 2018",C,"Revogada pela Portaria nº CPV.0100/2018, de 27 de junho de 2018",,,https://drive.ifsp.edu.br/s/xo2Q4dUnnNFdhHm,
2018,CPV.0020,02/21/2018,CAAD - Ciências Humanas e Sociais,M,extinta,5/18/2018,,https://drive.ifsp.edu.br/s/ZWOWND1kknERX2E,Altera CPV. 0062/2016
2018,CPV.0021,02/21/2018,Comissão Verificadora de Aproveitamento de Estudos do Curso de Licenciatura em Química,C,extinta,,"Carlos Fernando Barboza da Silva;Thalita Arthur",https://drive.ifsp.edu.br/s/0XYyAr8QNLVQBJ6,
2018,CPV.0022,02/21/2018,Orientador Estágio Curricular - Licenciatura em Química,C,"Revogada pela Portaria nº CPV.0136/2018, de 28 de agosto de 2018",,,https://drive.ifsp.edu.br/s/aujrgqY1u5G4fHa,
2018,CPV.0023,02/22/2018,Trata da designação dos membros da Comissão para Avaliação de Extraordinário Aproveitamento nos Estudos - Inglês Técnico,C,"Revogada pela Portaria nº CPV.0099/2018, de 27 de junho de 2018",,,https://drive.ifsp.edu.br/s/fLTyQhktVpGnVT2,
2018,CPV.0024,02/22/2018,Trata da nomeação dos membros do Conselho de Câmpus,M,"Alterada pela Portaria nº CPV.0071/2018, de 04 de abril de 2018",15/11/2019,,https://drive.ifsp.edu.br/s/bwWq54O73wa69RY,Altera CPV. 0174/2017
2018,CPV.0025,02/22/2018,"Comitê de Pesquisa, Inovação e Pós-Graduação-COMPESQ",M,revogada pela Portaria nº CPV.0101/2019,6/25/2019,,https://drive.ifsp.edu.br/s/Ei8dzvzE8iap7Zs,Altera CPV. 0098/2017
2018,CPV.0026,02/28/2018,Trata da designação dos membros da Comissão para Avaliação de Extraordinário Aproveitamento nos Estudos - História da Ciência e da Tecnologia,C,"Revogada pela Portaria nº CPV.0099/2018, de 27 de junho de 2018",,,https://drive.ifsp.edu.br/s/Yz9C7Y34FUg6dkE,
2018,CPV.0027,02/28/2018,Trata da designação dos membros da Comissão para Avaliação de Extraordinário Aproveitamento nos Estudos - Algoritmos e Programação,C,"Revogada pela Portaria nº CPV.0099/2018, de 27 de junho de 2018",,,https://drive.ifsp.edu.br/s/9pH0oPzKY7bnv7r,
2018,CPV.0028,02/28/2018,Trata da composição da comissão eleitoral do IFSP-Câmpus Capivari para condução do processo de eleições de conselheiros do Conselho de Câmpus,M,extinta,,,https://drive.ifsp.edu.br/s/kTiwXkxdtuv56QI,
2018,CPV.0029,03/01/2018,Trata da designação de substituto à função de Coordenador de Contabilidade e Finanças,S,extinta,20 a 29/03/2018,,https://drive.ifsp.edu.br/s/sp5ywnhqxj7eZqO,
2018,CPV.0030,03/08/2018,Comissão para Elaboração e Implementação do Projeto Pedagógico do Curso (CEIC) Técnico em recursos Humanos Concomitante/Subsequente,C,"Alterada pela Portaria nº CPV.0106/2018, de 25 de julho de 2018",,,https://drive.ifsp.edu.br/s/sY7diKy5FsQjPt7,
2018,CPV.0031,03/08/2018,Colegiado do Curso Superior de Tecnologia em Análise e Desenvolvimento de Sistemas,M,"Alterada pela Portaria nº CPV.0073/2018, de 09 de abril de 2018. Revogada pela Portaria nº CPV.0141/2018, de 03 de setembro de 2018",Representantes docentes e dos pedagogos e técnicos em assuntos educacionais inicia-se em 28/07/2016 e encerra-se em 27/07/2018. Representantes discentes inicia-se em 11/08/2017 e encerra-se em 10/08/2018,,https://drive.ifsp.edu.br/s/lZ7OmokiWajUtr7,Altera CPV. 0006/2018
2018,CPV.0032,03/08/2018,Revogação de Portaria,R,extinta,,,https://drive.ifsp.edu.br/s/8h6jEJDn99grxG1,Revoga CPV.099/2017
2018,CPV.0033,03/08/2018,Trata da designação de substituto à função gratificada de Coordenador de Licitações e Contratos,S,extinta,19 a 29 de março de 2018,,https://drive.ifsp.edu.br/s/TJnTuXn54FUTcyb,
2018,CPV.0034,03/12/2018,Fiscais de contrato 003/2015 - Xerografia Informática Ltda - EPP (Reprografia),F,revogada pela portaria nº CPV.0137/2019,,,https://drive.ifsp.edu.br/s/qOmlhfzO7T0N1kZ,Altera CPV. 0009/2016; 0017/2015
2018,CPV.0035,03/12/2018,Trata da designação dos fiscais do Contrato 004.712/2017 do IFSP-Câmpus Capivari (Internet),F,"Alterada pela Portaria nº CPV.0015/2019, de 11 de fevereiro de 2019",,,https://drive.ifsp.edu.br/s/IzKsGBHpbWYvcPv,Altera CPV. 0087/2017;0149/2016;0119/2016; 0046/2016; 0028/2016; 0015/2016; 0015/2016; 0095/2015
2018,CPV.0036,03/12/2018,Trata da aprovação de Projeto Institucional do IFSP-Câmpus Capivari para o 1º semestre de 2018 - Espaço Mind Hacker,C,extinta,,,https://drive.ifsp.edu.br/s/sYxYKNgBtn9rhFb,
2018,CPV.0037,03/12/2018,Trata da aprovação de Projeto Institucional do IFSP-Câmpus Capivari para o 1º semestre de 2018 - Criação e Divulgação de Materiais Institucionais para o Ensino de Física,C,extinta,,,https://drive.ifsp.edu.br/s/Dk6vd2NKhosmXR1,
2018,CPV.0038,03/12/2018,Trata da aprovação de Projeto Institucional do IFSP-Câmpus Capivari para o 1º semestre de 2018 - Implementação do Selo de Qualidade do CRQ para o Curso Técnico em Química,C,extinta,,,https://drive.ifsp.edu.br/s/YbRjPU8zRNUXQyf,
2018,CPV.0039,03/12/2018,Trata da aprovação de Projeto Institucional do IFSP-Câmpus Capivari para o 1º semestre de 2018 - Grupo de Sistematização de Projeto de Inovação na Licenciatura em Química,C,extinta,,,https://drive.ifsp.edu.br/s/b4XHQW53CptMxYO,
2018,CPV.0040,03/13/2018,"Trata da aprovação do Código Eleitoral para as eleições complementares dos representantes discentes, docentes e técnico-administrativos no CONCAM do IFSP-Câmpus Capivari para o mandato 2017-2019",C,extinta,,,https://drive.ifsp.edu.br/s/zX9iSUsmIiwhpTF,
2018,CPV.0041,03/13/2018,Trata da designação dos membros da Comissão de Comunicação,C,Alterada pela portaria n° CPV.0091/2019,,,https://drive.ifsp.edu.br/s/fb5xaWPgLoJ3Ze8,Altera CPV. 0003/2017; 0091/2016
2018,CPV.0042,03/13/2018,Comissão para elaboração e implementação do Projeto Pedagógico do Curso (CEIC) de Pós-graduação Lato Sensu em Tecnologias da Informação e Comunicação Aplicadas na Educação do IFSP-Câmpus Capivari,C,Revogada pela Portaria 113/2022,,"Thalita Arthur;Alexandre Mauro Bragion;Carlos Roberto Paviotti;Daniel Aparecido de Souza;Dildo Pereira Brasil;Francisco Carlos Monteiro Souza;Gianna Andréia Ferreira Gobbi Spadote;Ione Arsenio da Silva;Isabel Cristina das Chagas Oliveira;Maria Elisa de Castro Almeid",https://drive.ifsp.edu.br/s/r3jezsvabl5PyAk,Altera CPV. 0017/2017; 0097/2016; 0057/2016
2018,CPV.0043,03/13/2018,Trata da designação dos membros da comissão para Elaboração e Implementação do Projeto Pedagógico do Curso (CEIC) Técnico em Química Concomitante/Subsequente,C,"Alterada pela Portaria nº CPV.0118/2018, de 08 de agosto de 2018",,,https://drive.ifsp.edu.br/s/l9EDSQ3DrGvtRhr,Altera CPV. 0021/2017; 0005/2016
2018,CPV.0044,03/13/2018,Comissão de Eventos e Atividades,C,Alterada pela portaria nº CPV.0073/2019,,,https://drive.ifsp.edu.br/s/dzEi4SoPttGVMAJ,Altera CPV. 0025/2017; 0051/2016
2018,CPV.0045,03/13/2018,Trata da designação dos membros da Equipe Local de Formação Continuada dos Professores e de Profissionais da Área Pedagógica,C,Alterada pela portaria n° CPV.0049/2020,,,https://drive.ifsp.edu.br/s/4ENl8ofBI6LmWGW,Altera CPV. 0036/2017; 0019/2017; 0152/2016; 0136/2016; 0002/2016; 0125/2015
2018,CPV.0046,03/13/2018,Comissão para elaboração do Projeto Político Pedagógico,C,Alterada pela portaria n° CPV.0077/2019,,,https://drive.ifsp.edu.br/s/vwq1ncQeOBqnwcY,Altera CPV. 0071/2017; 0033/2017; 0104/2016; 0037/2016; 130/2015; 0091/2015; 0059/2015; 0007/2015; 0023/2014; 4384/2014
2018,CPV.0047,03/13/2018,Comissão para elaboração e implementação do Projeto Pedagógico do Programa Especial de Formação de Docentes do IFSP-Câmpus Capivari,C,revogada pela portaria nº CPV.0061/2020,,,https://drive.ifsp.edu.br/s/crxKwQGDMa6JBne,Altera CPV. 0080/2017; 0020/2017; 0158/2016; 116/2016; 0106/2016
2018,CPV.0048,03/13/2018,Comissão Local do PDI,C,extinta,,"Maria Elisa de Castro Almeida - Presidente;Flávio Henrique Ferraresi;Mayara Roque da Silva;Helen Glaucia Stefanelli;Leticia Pedroso Ramos;Michele Pereira de Faria;Renan Giollo Francisco;Isabel Cristina das Chagas Oliveir",https://drive.ifsp.edu.br/s/9Bw9YdoAGwbiHIA,Altera CPV. 0081/2017; .0086/2015; 0084/2015
2018,CPV.0049,03/13/2018,Trata da designação dos membros da comissão de avaliação periódica dos serviços da cantina,C,revogada pela portaria 113/2022,,"Ana Carla Dantas Midões ;Glauciane Gomes da Cunha; Karla Renata Pereira Pires;Laiane Stefanie Oliveira Nunes",https://drive.ifsp.edu.br/s/3l4h7mJLvwOS6RU,Altera CPV. 0097/2017
2018,CPV.0050,03/13/2018,Comissão para Elaboração e Implementação do Projeto Pedagógico do Programa Universidades da Maturidade do IFSP-Câmpus Capivari,C,Alterada pela portaria nº CPV. 0075/2019,,,https://drive.ifsp.edu.br/s/po6DZyBbn7HVOTP,Altera CPV. 0107/2017
2018,CPV.0051,03/13/2018,Trata da designação dos membros da Comissão de Relações Internacionais,C,Alterada pela portaria nº CPV00.89/2019,,,https://drive.ifsp.edu.br/s/ymad2fc72pMTjXF,Altera CPV. 0114/2017; 0027/2015; 2.157/2014; 861/2014
2018,CPV.0052,03/13/2018,Trata da designação dos membros da Subcomissão para Permanência e Êxito dos Estudantes do IFSP-Câmpus Capivari,C,"Alterada pela Portaria nº CPV.0156/2018, de 01 de novembro de 2018",,,https://drive.ifsp.edu.br/s/j5WhwFpWLA8lJXX,Altera CPV. 0116/2017
2018,CPV.0053,03/13/2018,Comissão para Estudo para Implantação de Empresa Júnior,C,"Alterada pela Portaria nº CPV.0121/2018, de 08 de agosto de 2018",,,https://drive.ifsp.edu.br/s/bzAPRDrtb28zfSN,Altera CPV. 0122/2017; 0115/2017; 0088/2017
2018,CPV.0054,03/13/2018,Comissão para Estudo de Viabilidade da Ofera de Curso de Engenharia Química,C,extinta,7/31/2018,,https://drive.ifsp.edu.br/s/9qpEBTvmwQdS0AT,Altera CPV. 0128/2017
2018,CPV.0055,03/13/2018,Núcleo de Atendimento às Pessoas com Necessidades Específicas (NAPNE),M,"Alterada pela Portaria nº CPV.0133/2018, de 16 de agosto de 2018",,,https://drive.ifsp.edu.br/s/4ajmYy0iEhTlU7J,Altera CPV. 0129/2017; 0086/2017; 0022/2017; 0121/2016; 0103/2016; 0017/2016; 0133/2015; 0076/2015; 0075/2015; 0032/2015
2018,CPV.0056,03/13/2018,Comissão para elaboração do Projeto Pedagógico do Curso Técnico em Administração Integrado ao Ensino Médio na modalidade Educação de Jovens e Adultos,C,"Alterada pela Portaria nº CPV.0107/2018, de 25 de julho de 2018",,,https://drive.ifsp.edu.br/s/Xx1XUa6GlX5xkKR,Altera CPV. 0158/2017; 0037/2017; 0130/2016; 0024/2016; 0006/2015
2018,CPV.0057,03/13/2018,Trata da designação dos membros da Comissão de Extensão,C,"Alterada pela Portaria nº CPV.0116/2018, de 08 de agosto de 2018",,,https://drive.ifsp.edu.br/s/HhsuqqIc3xBzX0F,Altera CPV. 0182/2017; 0118/2017; 0043/2017; 0043/2016; 0003/2016; 0132/2015
2018,CPV.0058,03/13/2018,Comissão Própria de Avaliação-CPA,M,extinta,"02 anos, contados da publicação pela reitoria",,https://drive.ifsp.edu.br/s/yomeJWSwuqwfxsQ,Altera CPV. 0119/2017; 0063/2016
2018,CPV.0059,03/13/2018,Trata da designação dos membros da Comissão Organizadora da VI Semana de Ciência e Tecnologia,C,"Alterada pela Portaria nº CPV.0115/2018, de 08 de agosto de 2018",22 a 27 de outubro de 2018,,https://drive.ifsp.edu.br/s/LCKer6KethyiF3P,
2018,CPV.0060,03/13/2018,Trata da designação dos membros da Comissão Organizadora da IV Semana da Consciência Negra,C,extinta,21 a 24 de novembro de 2018,,https://drive.ifsp.edu.br/s/OgfJRZxtn8xVaue,
2018,CPV.0061,03/13/2018,Trata da designação dos membros da Comissão Organizadora da Festa Caipira 2018,C,extinta,16 de junho de 2018,,https://drive.ifsp.edu.br/s/6PU57cDx1Ob5f7G,
2018,CPV.0062,03/13/2018,Trata da aprovação de Projeto Institucional do IFSP-Câmpus Capivari para o 1º semestre de 2018 - Você no Futuro,C,"Alterada pela Portaria nº CPV.0075/2018, de 09 de abril de 2018",,,https://drive.ifsp.edu.br/s/RdCA0SpZl3grMSg,
2018,CPV.0063,03/15/2018,Comissão para Elaboração e Implementação do Projeto Pedagógico do Curso Técnico em Química Integrado ao Ensino Médio,C,"Alterada pela Portaria nº CPV.0081/2018, de 08 de maio de 2018",,,https://drive.ifsp.edu.br/s/0HKrBiXT0l8abat,
2018,CPV.0064,03/15/2018,Trata da aprovação de Projeto Institucional do IFSP-Câmpus Capivari para o 1º semestre de 2018 - Orientação para o Ensino Médio,C,extinta,,,https://drive.ifsp.edu.br/s/eXmOD1mjrQO64Ls,
2018,CPV.0065,03/16/2018,Desfazimento de bens,M,extinta,3/15/2019,,https://drive.ifsp.edu.br/s/BDobGBb36I0NFv2,
2018,CPV.0066,03/23/2018,Comissão de Redação de Proposta de Regulamento Interno do Inventário,C,extinta,,,https://drive.ifsp.edu.br/s/h7D6ZKtiuq4N7tV,
2018,CPV.0067,03/28/2018,Comissão de Políticas de Manutenção e Conservação,C,Alterada pela portaria n° CPV. 0076/2019,,,https://drive.ifsp.edu.br/s/Cz4KvKaaW5nHjgZ,
2018,CPV.0068,03/29/2018,Trata da aprovação de Projeto Institucional do IFSP-Câmpus Capivari para o 1º semestre de 2018 - Grupo de Estudos em Redes de Computadores,C,extinta,,,https://drive.ifsp.edu.br/s/KzzfAVOtbkmrniq,
2018,CPV.0069,04/02/2018,Comissão que institui a Brigada de Incêndio,C,Alterada pela portaria nº CPV.0077/2019,,,https://drive.ifsp.edu.br/s/kn0nfdZXD5x7Lzq,Altera CPV. 0169/2017; 0163/2017
2018,CPV.0070,04/04/2018,Trata da designação de substituto à função de Coordenador de Gestão de Pessoas,S,extinta,09 a 18/04/2018,,https://drive.ifsp.edu.br/s/EJ745MbdnnmMtwx,
2018,CPV.0071,04/04/2018,Trata da nomeação dos membros do Conselho de Câmpus,M,"Alterada pela Portaria nº CPV.0108/2018, de 25 de julho de 2018",15/11/2019,,https://drive.ifsp.edu.br/s/eu9qFgoPnPZIhMU,Altera CPV.0024/2018; 0174/2017
2018,CPV.0072,04/04/2018,Comissão para Elaboração e Implementação do Projeto Pedagógico do Curso Técnico em Informática Integrado ao Ensino Médio,C,"Alterada pela Portaria nº CPV.0119/2018, de 08 de agosto de 2018",,,https://drive.ifsp.edu.br/s/C3xHneWX0INn8hK,
2018,CPV.0073,04/09/2018,Colegiado do Curso Superior de Tecnologia em Análise e Desenvolvimento de Sistemas,M,"Alterada pela Portaria nº CPV.0130/2018, de 10 de agosto de 2018. Revogada pela Portaria nº CPV.0141/2018, de 03 de setembro de 2018",Representantes docentes e dos pedagogos e técnicos em assuntos educacionais e discentes encerra-se em 10/08/2018,,https://drive.ifsp.edu.br/s/IW1Cn4DKmMujTRs,Altera CPV.0031/2018; 0006/2018
2018,CPV.0074,04/09/2018,Núcleo Docente Estruturante (NDE) do Curso Superior de Tecnologia em Análise e Desenvolvimento de Sistemas,M,Alterada pela portaria n° CPV.0078/2019,"(Márcio e Rafael Diorio encerra em 08/04/2023) (Adriana e Wagner encerra em 08/04/2022) (Rolando, Matheus e Karlan encerra em 08/04/2021)",,https://drive.ifsp.edu.br/s/DqE7nTvL9m49yru,
2018,CPV.0075,04/09/2018,Trata da aprovação de Projeto Institucional do IFSP-Câmpus Capivari para o 1º semestre de 2018 - Você no Futuro,C,extinta,,,https://drive.ifsp.edu.br/s/RWosfXUrL7a4OjR,ALtera CPV.0062/2018
2018,CPV.0076,04/11/2018,Trata da designação de substituto ao cargo de direção de Diretor Adjunto de Administração,S,extinta,16 a 27/04/2018,,https://drive.ifsp.edu.br/s/R0jkUGMlKctPs1X,
2018,CPV.0077,04/12/2018,Trata da designação de substituto à função gratificada de Coordenador Sociopedagógico,S,extinta,18 a 27/04/2018,,https://drive.ifsp.edu.br/s/M20EWm8QcYeWabx,
2018,CPV.0078,04/16/2018,Núcleo Docente Estruturante (NDE) do Curso Superior de Tecnologia em Processos Químicos,M,Alterada pela portaria nº CPV.0079/2019,(Ademir e Elizabeth encerra em 15/04/2023) (José Ricardo Turquetti e Alexandre Santa Barbara Azevedo encerra em 15/04/2022) (Gustavo e André Peixoto e os suplentes Andreia Cecilio e Everton encerra em 15/04/2021),,https://drive.ifsp.edu.br/s/Ktdn66bZQAC9X4N,
2018,CPV.0079,04/16/2018,Núcleo Docente Estruturante (NDE) do Curso Superior de Licenciatura em Química,M,Alterada pela portaria nº CPV.0097/2021,(Carlos e Luis Eduardo encerra em 15/04/2023) (João Medeiros e Roberto Bineli Muterle encerra em 15/04/2022) (Thalita arthur e os suplentes Ana Carla e Elizabeth encerra em 15/04/2021),"Carlos Fernando Barboza da Silva;João Batista de Medeiros;Luís Eduardo Pais dos Santos;Roberto Bineli Muterle;Thalita Arthur;Ana Carla Dantas Midões – 1º Suplente;Elizabeth Machado Baptestini Andrade – 2º Suplent",https://drive.ifsp.edu.br/s/cYpdsoUS9cfjkm8,
2018,CPV.0080,04/18/2018,Comissão de Reavaliação de Bens Móveis,M,"Alterada pela Portaria nº CPV.0090/2018, de 06 de junho de 2018",31/12/2018,,https://drive.ifsp.edu.br/s/QpZwgR647JYCQyO,
2018,CPV.0081,05/08/2018,Comissão para Elaboração e Implementação do Projeto Pedagógico do Curso Técnico em Química Integrado ao Ensino Médio,C,"Alterada pela Portaria nº CPV.0120/2018, de 08 de agosto de 2018",,,https://drive.ifsp.edu.br/s/HGC4SFHkOk3nHfw,ALtera CPV.0063/2018
2018,CPV.0082,05/10/2018,Trata da designação dos fiscais do Contrato 02.712/2017 do IFSP-Câmpus Capivari (Cantina) - Início em 01/02/2017,F,revogada pela portaria nº CPV.0137/2019,,,https://drive.ifsp.edu.br/s/7PQPkE4kLnnnD5P,ALtera CPV.0011/2017
2018,CPV.0083,05/15/2018,Trata da designação dos fiscais do Contrato 003.712/2018 do IFSP-Câmpus Capivari (Uhlig & Korovsky Tecnologia Ltda-ME),F,extinta,até o fim do contrato,"Gilberto Bulgraen Junior;José Renato Paviotti;Eduardo Camargo Maia;Leticia Pedroso Ramos;Michele Pereira de Faria;Washington Ernando Pereira Benício;César Eduardo Armelin;Rolando Ruggiero",https://drive.ifsp.edu.br/s/ESxlEtycYAicA9x,
2018,CPV.0084,05/22/2018,CAAD - Gestão,M,extinta,5/18/2020,,https://drive.ifsp.edu.br/s/snIDUKyzfj1GbKt,
2018,CPV.0085,05/23/2018,CAAD - Ciências da Natureza,M,extinta,5/18/2020,Elizabeth Machado Baptestini Andrade; Everton Pereira Barbosa; Gislaie Vieira damiani,https://drive.ifsp.edu.br/s/9ky5jsCoso7Y6wA,
2018,CPV.0086,05/23/2018,CAAD - Linguagens,M,Alterada pela Portaria nº CPV.0133/2019,5/18/2020,,https://drive.ifsp.edu.br/s/hxK6FChRNJ7jfwM,
2018,CPV.0087,05/23/2018,CAAD - Química e Educação,M,Alterada pela Portaria nº CPV.0176/2018,5/18/2020,,https://drive.ifsp.edu.br/s/9SKtEfBeSpKAbd0,
2018,CPV.0088,05/23/2018,CAAD - Ciências Humanas e Sociais,M,Alterada pela Portaria n° CPV.0059/2019,5/18/2020,,https://drive.ifsp.edu.br/s/6JvFrzAcsRlzcqR,
2018,CPV.0089,06/05/2018,CAAD - Informática,M,Alterada pela Portaria nº CPV.0036/2020,5/18/2020,,https://drive.ifsp.edu.br/s/QBkAEuLDmq7CgIv,
2018,CPV.0090,06/06/2018,Comissão de Reavaliação de Bens Móveis,M,extinta,31/12/2018,,https://drive.ifsp.edu.br/s/J8DAq2xcShIxkmj,ALtera CPV.0080/2018
2018,CPV.0091,06/06/2018,Comissão Especial de Compras e Acompanhamento das Ações de Alimentação Escolar,C,revogada,revogada pela portaria CPV.0068/2019,,https://drive.ifsp.edu.br/s/cfPYaQj6cz3jelL,
2018,CPV.0092,06/07/2018,Comissão de Matrúcula para Auxílio à Coordenadoria de Registros Acadêmicos,C,"Alterada pela Portaria nº CPV.0097/2018, de 22 de junho de 2018",,,https://drive.ifsp.edu.br/s/9wsICCgbyjC1Oyg,
2018,CPV.0093,06/08/2018,Trata da designação de substituto à função de Coordenador de Registros Acadêmicos,S,extinta,11 a 13/07/2018,,https://drive.ifsp.edu.br/s/tAfJEfL579Y1YsD,
2018,CPV.0094,06/15/2018,Trata da designação de substituto à função de Coordenador de Apoio à Direção,S,extinta,11 a 20/07/2018,,https://drive.ifsp.edu.br/s/ddtwJYa1Lt0LMVv,
2018,CPV.0095,06/15/2018,Trata da designação de substituto à função de Coordenador de Apoio à Direção,S,Alterada Pela Portaria n° CPV.0142/2018,05 a 06/09/2018,,https://drive.ifsp.edu.br/s/5swg4z0troXuw2a,
2018,CPV.0096,06/18/2018,Trata da designação de substituto à função de Coordenadora de Biblioteca,S,Alterada Pela Portaria n° CPV.0162/2018,20/06 a 27/11/2018,,,
2018,CPV.0097,06/22/2018,Comissão de Matrúcula para Auxílio à Coordenadoria de Registros Acadêmicos,C,extinta,,,https://drive.ifsp.edu.br/s/jcX6J8PgKmN6qmf,ALtera CPV.0092/2018
2018,CPV.0098,06/25/2018,Comissão Própria de Avaliação-CPA,M,"Alterada pela Portaria nº CPV.0122/2018, de 08 de agosto de 2018",,,https://drive.ifsp.edu.br/s/JUdrQ3NCeaoNaRo,
2018,CPV.0099,06/27/2018,Revogação de Portaria de designação dos membros da Comissão para Avaliação de Extraordinário Aproveitamento nos Estudos,R,extinta,,,https://drive.ifsp.edu.br/s/3nBtOfFnepJ16A8,"Revogar CPV.0023/2018; CPV.0026/2018; CPV.0027/201"
2018,CPV.0100,06/27/2018,Revogação de Portaria de designação dos membros da Comissão para Classificar Projetos de Ensino Propostos ao Edital nº CPV.006/2018,R,extinta,,,https://drive.ifsp.edu.br/s/ml1M9QOB4sF326Z,"Revogar CPV.0019/201"
2018,CPV.0101,07/02/2018,Horário de funcionamento no período de 05 a 20 de julho de 2018,,extinta,,,https://drive.ifsp.edu.br/s/PkES0z0XK0HVn2A,
2018,CPV.0102,07/06/2018,Trata da designação de substituto ao cargo de direção de Diretor Adjunto Educacional - Rodrigo Scontre substituindo Leticia Pedroso Ramos,S,extinta,11 a 18/07/2018,,https://drive.ifsp.edu.br/s/wGzKdcKsYjMfhgn,
2018,CPV.0103,07/06/2018,Trata da designação dos fiscais do Contrato 04.712/2018 do IFSP-Câmpus Capivari (Paisagro - Jardinagem),F,Alterada Pela Portaria n° CPV.0071/2020,,,https://drive.ifsp.edu.br/s/UC4rh5mXJGz75Eb,
2018,CPV.0104,07/11/2018,Trata da designação de substituto à função de Coordenador de Tecnologia da Informação,S,extinta,30/07 a 10/08/2018,,https://drive.ifsp.edu.br/s/wPQhA0CIBxVlZmV,
2018,CPV.0105,07/11/2018,Trata da designação dos fiscais do Contrato 05.712/2018 do IFSP-Câmpus Capivari (Esate - Vigilância),F,Alterada pela portaria nº CPV.0105/2019,,,https://drive.ifsp.edu.br/s/R4hn1BkcCUVe4QT,
2018,CPV.0106,07/25/2018,Comissão para Elaboração e Implementação do Projeto Pedagógico do Curso (CEIC) Técnico em Recursos Humanos Concomitante/Subsequente,C,"Alterada pela Portaria nº CPV.0161/2018, de 13 de novembro de 2018",,,https://drive.ifsp.edu.br/s/15suX0LCOGDdrR0,Altera CPV.0030/2018
2018,CPV.0107,07/25/2018,Comissão para elaboração do Projeto Pedagógico do Curso Técnico em Administração Integrado ao Ensino Médio na modalidade Educação de Jovens e Adultos,C,Alterada pela portaria nº CPV.0080/2019,,,https://drive.ifsp.edu.br/s/TgPN95IgvS57qhz,Altera CPV.0056/2018; 0158/2017; 0037/2017; 0130/2016; 0024/2016; 0006/2015
2018,CPV.0108,07/25/2018,Trata da nomeação dos membros do Conselho de Câmpus,M,"Alterada pela Portaria nº CPV. 0038/2019, de 14 de março de 2019",15/11/2019,,https://drive.ifsp.edu.br/s/VxyFKrGR2wYLDX3,Altera CPV.0071/2018; 0024/2018; 0174/2017
2018,CPV.0109,08/01/2018,Trata da designação de substituto à função gratificada de Coordenador de Licitações e Contratos,S,extinta,06 a 15/08/2018,,https://drive.ifsp.edu.br/s/MnkvJUceAr23WwH,
2018,CPV.0110,08/08/2018,Trata da aprovação de Projeto Institucional do IFSP-Câmpus Capivari para o 2º semestre de 2018 - Espaço Mind Hacker,C,extinta,,,https://drive.ifsp.edu.br/s/63RXYM1W2ihTEwm,
2018,CPV.0111,08/08/2018,Trata da aprovação de Projeto Institucional do IFSP-Câmpus Capivari para o 2º semestre de 2018 - Grupo de Sistematização de Projeto de Inovação na Licenciatura em Química,C,extinta,,,https://drive.ifsp.edu.br/s/6gUgDsot2xEArkE,
2018,CPV.0112,08/08/2018,Trata da aprovação de Projeto Institucional do IFSP-Câmpus Capivari para o 2º semestre de 2018 - Orientação para o Ensino Médio,C,extinta,,,https://drive.ifsp.edu.br/s/UdfCgsot6m0LZJH,
2018,CPV.0113,08/08/2018,Trata da aprovação de Projeto Institucional do IFSP-Câmpus Capivari para o 2º semestre de 2018 - Grupo de Estudos em Redes de Computadores,C,extinta,,,https://drive.ifsp.edu.br/s/064ZfaZf4pQvGhF,
2018,CPV.0114,08/08/2018,Trata da aprovação de Projeto Institucional do IFSP-Câmpus Capivari para o 2º semestre de 2018 - Implementação do Selo de Qualidade do CRQ para o Curso Técnico em Química,C,extinta,,,https://drive.ifsp.edu.br/s/M5gkBAvbhkbdowY,
2018,CPV.0115,08/08/2018,Trata da designação dos membros da Comissão Organizadora da VI Semana de Ciência e Tecnologia,C,"Alterada pela Portaria nº CPV.0144/2018, de 10 de setembro de 2018",22 a 27 de outubro de 2018,,https://drive.ifsp.edu.br/s/7QZKWu32L019iB6,Altera CPV.0059/2018
2018,CPV.0116,08/08/2018,Trata da designação dos membros da Comissão de Extensão,C,"Alterada pela Portaria nº CPV.0039/2019, de 15 de março de 2019",,,https://drive.ifsp.edu.br/s/EjByCIHt00qVagg,Altera CPV.0057/2018; 0182/2017; 0118/2017; 0043/2017; 0043/2016; 0003/2016; 0132/2015
2018,CPV.0117,08/08/2018,Trata da designação dos membros da comissão para propor as Diretrizes Curriculares Internas para os Cursos Técnicos Integrados ao Ensino Médio,C,revogada pela portaria 113/2022,sem mandato expresso,"Gianna Andréia Ferreira Gobbi;André Valente de Barros Barreto;Igor Vasconcelos Nogueira;Isabel Cristina das Chagas Oliveira;Luís Eduardo Pais dos Santo",https://drive.ifsp.edu.br/s/4iEPaBNJPtLLLnm,Altera CPV.00193/2017; 0149/2017; 0052/2017; 0040/2017; 0031/2017; 0026/2017; .0151/2016; 0138/2016
2018,CPV.0118,08/08/2018,Trata da designação dos membros da comissão para Elaboração e Implementação do Projeto Pedagógico do Curso (CEIC) Técnico em Química Concomitante/Subsequente,C,Alterada pela Portaria nº CPV.0029/2020,,,https://drive.ifsp.edu.br/s/KGrbvhT5ibvNIDi,Altera CPV.0043/2018; 0021/2017; 0005/2016
2018,CPV.0119,08/08/2018,Comissão para Elaboração e Implementação do Projeto Pedagógico do Curso Técnico em Informática Integrado ao Ensino Médio,C,"Alterada pela Portaria nº CPV.0027/2019, de 08 de março de 2019",,,https://drive.ifsp.edu.br/s/rMHbvQFft4MZw9B,Altera CPV.0072/2018
2018,CPV.0120,08/08/2018,Comissão para Elaboração e Implementação do Projeto Pedagógico do Curso Técnico em Química Integrado ao Ensino Médio,C,"Alterada pela Portaria nº CPV.0026/2019, de 08 de março de 2019",,,https://drive.ifsp.edu.br/s/48hjSQykfBCjB2C,Altera CPV.0081/2018; 0021/2017; 0005/2016
2018,CPV.0121,08/08/2018,Comissão para Estudo para Implantação de Empresa Júnior,C,Revogada pela Portaria nº CPV.0111/2019,,,https://drive.ifsp.edu.br/s/Zcpqr3J0NAblHz5,Altera CPV.0053/2018; 0122/2017; 0115/2017; 0088/2017
2018,CPV.0122,08/08/2018,Comissão Própria de Avaliação-CPA,M,"Alterada pela Portaria nº CPV.0013/2019, de 07 de fevereiro de 2019",,,https://drive.ifsp.edu.br/s/83IrtVrwPmikE9P,Altera CPV.0098/2018
2018,CPV.0123,08/08/2018,Trata da aprovação de Projeto Institucional do IFSP-Câmpus Capivari para o 2º semestre de 2018 - Você no Futuro,C,extinta,,,https://drive.ifsp.edu.br/s/YAjAOBaXZYG64Nz,
2018,CPV.0124,08/08/2018,Trata da designação de substituto à função gratificada de Coordenador Sociopedagógico,C,extinta,20/08 a 06/09/2018,,https://drive.ifsp.edu.br/s/qAdvGAwIjEoDZpe,
2018,CPV.0125,08/08/2018,Trata da aprovação de Projeto Institucional do IFSP-Câmpus Capivari para o 2º semestre de 2018 - Grupo de Estudos de Matemática e suas Metodologias,C,extinta,,,https://drive.ifsp.edu.br/s/xzZYiQUz4RR6SXT,
2018,CPV.0126,08/08/2018,Trata da aprovação de Projeto Institucional do IFSP-Câmpus Capivari para o 2º semestre de 2018 - Turma de Preparação para Olimpíadas de Química,C,extinta,,,https://drive.ifsp.edu.br/s/3ZeWE6DZYJiTdJC,
2018,CPV.0127,08/08/2018,Trata da aprovação de Projeto Institucional do IFSP-Câmpus Capivari para o 2º semestre de 2018 - Problemas da Educação Brasileira Contemporânea,C,extinta,,,https://drive.ifsp.edu.br/s/xBA0UNyG7gPMF9p,
2018,CPV.0128,08/10/2018,Colegiado do Curso Superior de Tecnologia em Processos Químicos,M,"Revogada pela Portaria nº CPV.0139/2018, de 03 de setembro de 2018","Representantes discentes, docentes e dos pedagogos e técnicos em assuntos educacionais encerra-se em 31/08/2018",,https://drive.ifsp.edu.br/s/pi76Y0s9oeIKkIi,Altera CPV.0125/2017; 0080/2016
2018,CPV.0129,08/10/2018,Colegiado do Curso de Licenciatura em Química,M,"Alterada pela Portaria nº CPV.0140, de 03 de setembro de 2018",Representantes docentes e dos pedagogos e técnicos em assuntos educacionais encerra-se em 10/08/2019 - Discentes encerra-se em 31/08/2018,,https://drive.ifsp.edu.br/s/qvuuu9PXKSuTe0W,Altera CPV.0126/2017
2018,CPV.0130,08/10/2018,Colegiado do Curso Superior de Tecnologia em Análise e Desenvolvimento de Sistemas,M,"Revogada pela Portaria nº CPV.0141/2018, de 03 de setembro de 2018","Representantes discentes, docentes e dos pedagogos e técnicos em assuntos educacionais encerra-se em 31/08/2018",,https://drive.ifsp.edu.br/s/51xDaOYHl7wjMT5,Altera CPV.0073/2018; 0031/2018; 0006/2018
2018,CPV.0131,08/13/2018,Trata da designação de substituto ao cargo de direção de Diretor Adjunto de Administração (Luciana Martins Gatti),S,extinta,20 a 28/08/2018,,https://drive.ifsp.edu.br/s/gSdfQVjQaKP4kYG,
2018,CPV.0132,08/13/2018,Trata da designação de substituto ao cargo de direção de Diretor Adjunto de Administração (César Eduardo Armelin),S,extinta,29/08 a 06/09/2018,,https://drive.ifsp.edu.br/s/XdghKcZb4OhHvCe,
2018,CPV.0133,08/16/2018,Núcleo de Atendimento às Pessoas com Necessidades Específicas (NAPNE),M,"Alterada pela Portaria nº CPV.0159/2018, de 12 de novembro de 2018","Dois anos para o Representante do NAPNE e para o Secretário (15/08/2020), podendo haver recondução por mais um ano. Demais membros não se fala nada. (15/08/2020)",,https://drive.ifsp.edu.br/s/w68mMp5Tz4wh3Uo,Altera CPV.0055/2018; 0129/2017; 0086/2017; 0022/2017; 0121/2016; 0103/2016; 0017/2016; 0133/2015; 0076/2015; 0075/2015; 0032/2015
2018,CPV.0134,08/16/2018,Comissão Gestora dos Equipamentos Multiusuários do IFSP-Câmpus Capivari,C,revogada pela portaria 113/2022,sem mandato expresso,"André Luis de Castro Peixoto;Diego Tresinari dos Santos;Juliana Queiroz Albarell",https://drive.ifsp.edu.br/s/vrhDZRwTqJkF9jb,
2018,CPV.0135,08/16/2018,Comissão de Usuários dos Equipamentos Multiusuários do IFSP-Câmpus Capivari,C,revogada pela portaria 113/2022,sem mandato expresso,"Ademir Geraldo Cavallari Costalonga;Aderbal Almeida Rocha;Alexandre Santa Barbara Azevedo;Mateus Nordi Esperanç",https://drive.ifsp.edu.br/s/EevL6UFzQ5geE9j,
2018,CPV.0136,08/28/2018,Orientador Estágio Curricular - Licenciatura em Química,C,Alterada pela portaria nº CPV.0040/2020,,,https://drive.ifsp.edu.br/s/6j4rCPL91dfhSoa,
2018,CPV.0137,08/31/2018,Trata da designação dos membros da Comissão para Avaliação de Extraordinário Aproveitamento nos Estudos - Banco de Dados II - Curso Superior de Tecnologia em Análise e Desenvolvimento de Sistemas,C,extinta,,,https://drive.ifsp.edu.br/s/81gb43ws14djn4z,
2018,CPV.0138,08/31/2018,Trata da designação dos membros da Comissão para Avaliação de Extraordinário Aproveitamento nos Estudos - Empreendedorismo - Curso Superior de Tecnologia em Análise e Desenvolvimento de Sistemas,C,extinta,,,https://drive.ifsp.edu.br/s/7e1yP9iSO10BjfG,
2018,CPV.0139,09/03/2018,Colegiado do Curso Superior de Tecnologia em Processos Químicos,M,Alterada pela portaria nº CPV.0081/2019,Representantes docentes e dos pedagogos ou técnicos em assuntos educacionais inicia-se em 03/09/2018 e encerra-se em 01/09/2020. Representantes discentes inicia-se em 03/09/2018 e encerra-se em 02/09/2019.,,https://drive.ifsp.edu.br/s/rHoWDt35xf4sFT1,
2018,CPV.0140,09/03/2018,Colegiado do Curso de Licenciatura em Química,M,Alterada pela CPV.0142/2019,Representantes docentes e dos pedagogos ou técnicos em assuntos educacionais encerra-se em 10/08/2019 - Discentes inicia-se em 03/09/2018 e encerra-se em 02/09/2019,,https://drive.ifsp.edu.br/s/PnfOWyAbzr1wD0g,Altera CPV.0129/2018; 0126/2017
2018,CPV.0141,09/03/2018,Colegiado do Curso Superior de Tecnologia em Análise e Desenvolvimento de Sistemas,M,Alterada pela Portaria de nº 0150/2019,Representantes docentes e dos pedagogos ou técnicos em assuntos educacionais inicia-se em 03/09/2018 e encerra-se em 01/09/2020. Discentes inicia-se em 03 de setembro de 2018 e encerra-se em 02 de setembro de 2019.,,https://drive.ifsp.edu.br/s/gRlpnHlGQH8bSe8,
2018,CPV.0142,09/03/2018,Designação de substituto à função gratificada de Coordenador de Apoio à Direção,S,extinta,27 a 28/09/2018,,https://drive.ifsp.edu.br/s/1PVwMHVBLcCPHoi,Altera CPV.0095/2018
2018,CPV.0143,09/05/2018,Trata da designação de substituto à função de Coordenadora de Registros Acadêmicos,S,extinta,16 a 31/10/2018,,https://drive.ifsp.edu.br/s/2cOG1trWbNGFUT2,
2018,CPV.0144,09/10/2018,Trata da designação dos membros da Comissão Organizadora da VI Semana de Ciência e Tecnologia,C,extinta,22 a 27 de outubro de 2018,,https://drive.ifsp.edu.br/s/RntBEBU8OmYgQKt,Altera CPV.0115/2018; 0059/2018
2018,CPV.0145,09/12/2018,Trata da designação de substituto à função de Coordenador de Contabilidade e Finanças,S,extinta,24/09 a 03/10/2018,,https://drive.ifsp.edu.br/s/NIkuKOBWWK1RiDB,
2018,CPV.0146,09/17/2018,Trata da designação dos membros da Comissão para Avaliação de Extraordinário Aproveitamento nos Estudos - Informática Básica - Curso Superior de Tecnologia em Processos Químicos,C,extinta,até entraga do parecer à DAE,,https://drive.ifsp.edu.br/s/WLVSePof6mMKmFm,
2018,CPV.0147,09/17/2018,Trata da designação dos membros da Comissão para Avaliação de Extraordinário Aproveitamento nos Estudos - Engenharia de Sofware - Curso Superior de Tecnologia em Análise e Desenvolvimento de Sistemas,C,extinta,até entraga do parecer à DAE,,https://drive.ifsp.edu.br/s/hsxPd6eahOPuBKD,
2018,CPV.0148,09/21/2018,Trata da designação dos membros da Comissão para Avaliação de Extraordinário Aproveitamento nos Estudos - Análise Orientada a Objetos - Curso Superior de Tecnologia em Análise e Desenvolvimento de Sistemas,C,extinta,até entraga do parecer à DAE,,https://drive.ifsp.edu.br/s/Z8cdKCz02JQFqRs,
2018,CPV.0149,09/21/2018,Trata da designação dos membros da Comissão para Avaliação de Extraordinário Aproveitamento nos Estudos - Banco de Dados I - Curso Superior de Tecnologia em Análise e Desenvolvimento de Sistemas,C,extinta,até entraga do parecer à DAE,,https://drive.ifsp.edu.br/s/yB1vKoTCIekGjs7,
2018,CPV.0150,09/21/2018,Trata da designação dos fiscais do Contrato 02.712/2018 do IFSP-Câmpus Capivari (Limpeza),F,extinta,ate o vencimento do contrato ou de sua garantia quando houver,"Gilberto Bulgraen Junior;Arlete Terezinha Esteves Brandi;Eduardo Camargo Maia; César Eduardo Armelin;Danusa Conceição ;Antonio Carlos da Silva Bomfim",https://drive.ifsp.edu.br/s/1yAVUNfAc3Xh6wb,Altera CPV.0018/2018
2018,CPV.0151,09/25/2018,Trata da designação dos membros da Comissão para Avaliação de Extraordinário Aproveitamento nos Estudos - Sistemas Operacionais - Curso Superior de Tecnologia em Análise e Desenvolvimento de Sistemas,C,extinta,até entraga do parecer à DAE,,https://drive.ifsp.edu.br/s/94GdUrwcTKLHMCs,
2018,CPV.0152,10/03/2018,Trata da designação dos membros da Comissão para Avaliação de Extraordinário Aproveitamento nos Estudos - Química Geral Experimental,C,extinta,até entraga do parecer à DAE,,https://drive.ifsp.edu.br/s/YQupmAg3PRU8rFr,
2018,CPV.0153,10/10/2018,Comissão Verificadora de Aproveitamento de Estudos do Curso Técnico em Administração Integrado ao Ensino Médio na Modalidade de Educação de Jovens e Adultos,C,"Alterada pela Portaria nº CPV.0158/2018, de 12 de novembro de 2018",,,https://drive.ifsp.edu.br/s/OkXmHCBonwd5e2M,
2018,CPV.0154,10/10/2018,"Trata da designação de substituto à função de Coordenador de Manutenção, Almoxarifado e Patrimônio",S,extinta,,,https://drive.ifsp.edu.br/s/lmlfDe9vJRUIlVp,
2018,CPV.0155,10/22/2018,Trata da designação dos fiscais do Contrato 01.712/2017 do IFSP-Câmpus Capivari (Serviço de Reprografia) - Início em 18/01/2017,F,Revogada pela Portaria 94/2022,,Arlete Teresinha Esteves Brandi ;Alexandre Camargo Maia; Glauciane Gomes da Cunha  ,https://drive.ifsp.edu.br/s/EOe3OEaJLEWqm2i,Altera CPV.0001/2017
2018,CPV.0156,11/01/2018,Trata da designação dos membros da Subcomissão para Permanência e Êxito dos Estudantes do IFSP-Câmpus Capivari,S,Alterada pela portaria nº CPV.0082/2019,,,https://drive.ifsp.edu.br/s/6ENGWGo5DSSAMdc,Altera CPV.0052/2018; 0116/2017
2018,CPV.0157,11/05/2018,Trata da designação de substituto ao cargo de direção de Diretor Adjunto Educacional - Rodrigo Scontre substituindo Leticia Pedroso Ramos,S,extinta,05 a 09/11/2018,,https://drive.ifsp.edu.br/s/tVklCxnuaMuUQ6D,
2018,CPV.0158,11/12/2018,Comissão Verificadora de Aproveitamento de Estudos do Curso Técnico em Administração Integrado ao Ensino Médio na Modalidade de Educação de Jovens e Adultos,C,Revogada Pela Portaria n° CPV.0062/2019,,,https://drive.ifsp.edu.br/s/2zUm0bskPfm6pmT,Altera CPV.0153/2018
2018,CPV.0159,11/12/2018,Núcleo de Atendimento às Pessoas com Necessidades Específicas (NAPNE),M,"Alterada pela Portaria nº CPV.0028/2019, de 08 de março de 2019","Dois anos para o Representante do NAPNE e para o Secretário - vencimento 15/08/2020, podendo haver recondução por mais um ano. Demais membros não se fala nada - 15/08/2020",,https://drive.ifsp.edu.br/s/5bOK4EAHvpsqZgG,Altera CPV.0133/2018; 0055/2018; 0129/2017; 0086/2017; 0022/2017; 0121/2016; 0103/2016; 0017/2016; 0133/2015; 0076/2015; 0075/2015; 0032/2015
2018,CPV.0160,11/12/2018,Núcleo Docente Estruturante-NDE do Curso Superior de Tecnólogo em Processos Gerenciais,M,Alterada pela Portaria nº CPV.0032/2021,Início em 12 de novembro de 2018 e se encerra em 11 de novembro de 2021,,https://drive.ifsp.edu.br/s/YmYoLiKVG7Xa9IF,
2018,CPV.0161,11/13/2018,Comissão para Elaboração e Implementação do Projeto Pedagógico do Curso (CEIC) Técnico em Recursos Humanos Concomitante/Subsequente,C,Alterada pela portaria nº CPV.0087/2019,,,https://drive.ifsp.edu.br/s/nyF49RHcqdbbco0,Altera CPV.0106/2018; 0030/2018
2018,CPV.0162,11/14/2018,Trata da designação de substituto à função de Coordenadora de Biblioteca - Michele Cristina dos Santos substituindo Izabel Maria Barral Teixeira,S,extinta,20/06 a 20/11/2018,,https://drive.ifsp.edu.br/s/k0D4REqRdn5efEW,Altera CPV.0096/2018
2018,CPV.0163,11/14/2018,"Trata da designação de substituto à função de Coordenadora de Manutenção, Almoxarifado e Patrimônio - Sergio Aparecido Paganoti substituindo Geraldo Amaral Adão",S,extinta,21 a 30/11/2018,,https://drive.ifsp.edu.br/s/a0k2bhyIaCSmbsU,
2018,CPV.0164,11/14/2018,Trata da designação de substituto à função de Coordenadora de Biblioteca - Rubia Dias Adão substituindo Izabel Maria Barral Teixeira,S,extinta,21 a 26/11/2018,,https://drive.ifsp.edu.br/s/EhrXwcxQS1yrS4Q,
2018,CPV.0165,11/14/2018,Trata da designação de substituto à função de Coordenador de Contabilidade e Finanças - Valéria da Silva Martins Poletti substituindo Luciana Martins Gatti,S,extinta,21 a 26/11/2018,,https://drive.ifsp.edu.br/s/fb981tgvqdaoLOs,
2018,CPV.0166,11/23/2018,Trata da designação dos membros da comissão com objetivo de proceder ao Inventário 2018 do IFSP-Câmpus Capivari,C,"Alterada pela Portaria nº CPV.0169/2018, de 30 de novembro de 2018",Encerra-se em 02 de janeiro de 2019,,https://drive.ifsp.edu.br/s/zoay959YKdgVpYN,
2018,CPV.0167,11/27/2018,Trata da designação dos membros da Comissão para Avaliação de Extraordinário Aproveitamento nos Estudos - Física III - Curso de Licenciatura em Química,C,extinta,até entraga do parecer à DAE,,https://drive.ifsp.edu.br/s/cT3EgehSnlRAle2,
2018,CPV.0168,11/27/2018,Trata da designação de substituto à função de Coordenador de Apoio à Direção,S,extinta,02 a 11/01/2019,,https://drive.ifsp.edu.br/s/AJ7q4iYpUprvPwV,
2018,CPV.0169,11/30/2018,Trata da designação dos membros da comissão com objetivo de proceder ao Inventário 2018 do IFSP-Câmpus Capivari,C,extinta,Encerra-se em 02 de janeiro de 2019,,https://drive.ifsp.edu.br/s/T5MAMsavXsbo5Ui,Altera CPV.0166/2018
2018,CPV.0170,11/30/2018,Trata da designação de substituto à função de Coordenador de Registros Acadêmicos,S,"Alterada pela Portaria nº CPV.0182/2018, de 19 de dezembro de 2018",02 a 11/01/2019,,https://drive.ifsp.edu.br/s/sXlGY1YkJfCZeuY,
2018,CPV.0171,12/03/2018,Trata da designação dos fiscais do Contrato 06.712/2018 do IFSP-Câmpus Capivari - Associação dos Agricultores Familiares de Capivari e Região - ASSOHORTI - PNAE,F,Revogada Pela Portaria nº CPV.0095/2020,,,https://drive.ifsp.edu.br/s/rF74rEmBp3esI6V,
2018,CPV.0172,12/03/2018,Trata da designação dos fiscais do Contrato 07.712/2018 do IFSP-Câmpus Capivari - Cooperativa dos Produtores Agropecuários de São Pedro - COOPAMSP - PNAE,F,Revogada Pela Portaria nº CPV.0095/2020,,,https://drive.ifsp.edu.br/s/vTFY8w4dL34T36e,
2018,CPV.0173,12/04/2018,Trata da extinção da Comissão para propor as Diretrizes Curriculares Internas para os Cursos Técnicos Integrados ao Ensino Médio do IFSP-Câmpus Capivari,C,extinta,sem mandato expresso,,https://drive.ifsp.edu.br/s/VZc6s0VRWVkyHa9,
2018,CPV.0174,12/04/2018,Trata da designação de substituto à função de Coordenador de Gestão de Pessoas,S,extinta,05 a 21/12/2018,,https://drive.ifsp.edu.br/s/mLMdTztGDUkss1v,
2018,CPV.0175,12/07/2018,Subcomissão Permanente de Acompanhamento da Jornada de Trabalho dos Servidores Técnico-Administrativos,C,Alterada pela portaria nº CPV.0083/2019,07/01/2019 a 06/01/2022,,https://drive.ifsp.edu.br/s/LcZ3ZFeqNEipHmn,
2018,CPV.0176,12/12/2018,CAAD - Química e Educação,M,extinta,5/18/2020,,https://drive.ifsp.edu.br/s/D0bxc3d0Pvuzg4Q,Altera CPV.0087/2018
2018,CPV.0177,12/13/2018,Comissão Eleitoral Local do IFSP-Câmpus Capivari para as eleições de Conselheiros do Conselho Superior,C,extinta,,,https://drive.ifsp.edu.br/s/Vp6giZpPIBZ17Mp,
2018,CPV.0178,12/17/2018,Trata da designação de substituto ao cargo de direção de Diretor Geral - Gilberto Bulgraen junior substituindo Waldo Luis de Lucca,S,extinta,02 a 25/01/2019,,https://drive.ifsp.edu.br/s/TJ5GDoByelshRhZ,
2018,CPV.0179,12/18/2018,Trata da designação dos fiscais da Dispensa de Licitação 8712/2018 - Tiago Brugnerotto,F,revogada pela portaria nº CPV.0137/2019,,,https://drive.ifsp.edu.br/s/eBMcaUPowDW0HcM,
2018,CPV.0180,12/18/2018,Trata da designação de Coordenadora Pedagógica do Curso de Pós-Graduação Lato Sensu em Tecnologia da Informação e Comunicação na Educação (TIC),C,Alterada TACITAMENTE pela portaria nº CPV.0230/2020,,Thalita Arthur,https://drive.ifsp.edu.br/s/9hXZemzj3XoGJ0b,
2018,CPV.0181,12/19/2018,Trata da designação de substituto ao cargo de direção de Diretor Adjunto Educacional - Rodrigo Scontre substituindo Leticia Pedroso Ramos,S,extinta,02 a 18/01/2019,,https://drive.ifsp.edu.br/s/izSZLwsHKqexw4Q,
2018,CPV.0182,12/19/2018,Trata da designação de substituto à função gratificada de Coordenador de Registros Acadêmicos - Jaqueline Tatiane Pereira substituiu Grazielle Cristine Elias,S,extinta,07 a 11/01/2019,,https://drive.ifsp.edu.br/s/U7V6VAVKrdhheN3,Altera CPV.0170/2018
2018,CPV.0183,12/19/2018,Trata da designação de substituto à Função Gratificada de Coordenador de Extensão - Gustavo Baptistella Leite da Silva substituindo Silvânia Regina Mendes Moreschi,S,extinta,02 a 31/01/2019,,https://drive.ifsp.edu.br/s/O20piI0aTnTIvFt,
2018,CPV.0184,12/21/2018,Trata da designação dos fiscais da Apólice nº 100.18.00014278 - Travelers Seguros Brasil S.A.,F,revogada pela portaria nº CPV.185/2020,,Eduardo Camargo Maia ;michele Pereira de Faria ,https://drive.ifsp.edu.br/s/NpjBZXSQSBFRgZe,
2018,CPV.0185,12/21/2018,Trata do horário de funcionamento do IFSP-Câmpus Capivari no período de 24 de dezembro de 2018 a 31 de janeiro de 2019,,revogada pela portaria IFSP CPV Nº CPV.0161/2021,,,https://drive.ifsp.edu.br/s/sAFpoHHyQbGQoJF,
2018,CPV.0186,12/21/2018,Trata da designação dos fiscais do Contrato 08.712/2018 - Thaina Trevisan Santarosa,F,revogada pela portaria nº CPV.0137/2019,,,https://drive.ifsp.edu.br/s/XpGRNWoSeVFetIz,